name,iterations,real_time,cpu_time,time_unit,bytes_per_second,items_per_second,label,error_occurred,error_message
"BM_search_fm_index",2,2.50298e+08,2.50267e+08,ns,,,,,
"BM_search_fm_index",2,3.07392e+08,3.07356e+08,ns,,,,,
"BM_search_fm_index",2,4.08409e+08,4.08394e+08,ns,,,,,
"BM_search_fm_index",2,2.2307e+08,2.2306e+08,ns,,,,,
"BM_search_fm_index",2,2.28657e+08,2.28644e+08,ns,,,,,
"BM_search_fm_index",2,2.36311e+08,2.3627e+08,ns,,,,,
"BM_search_fm_index",2,1.9096e+08,1.90953e+08,ns,,,,,
"BM_search_fm_index",2,2.32459e+08,2.32364e+08,ns,,,,,
"BM_search_fm_index",2,2.36844e+08,2.36838e+08,ns,,,,,
"BM_search_fm_index",2,2.05924e+08,2.05918e+08,ns,,,,,
"BM_search_fm_index_error_1",1,2.93465e+09,2.93454e+09,ns,,,,,
"BM_search_fm_index_error_1",1,2.70628e+09,2.70587e+09,ns,,,,,
"BM_search_fm_index_error_1",1,3.41822e+09,3.41782e+09,ns,,,,,
"BM_search_fm_index_error_1",1,2.74186e+09,2.74159e+09,ns,,,,,
"BM_search_fm_index_error_1",1,2.46535e+09,2.46523e+09,ns,,,,,
"BM_search_fm_index_error_1",1,2.46393e+09,2.46381e+09,ns,,,,,
"BM_search_fm_index_error_1",1,4.41001e+09,4.3811e+09,ns,,,,,
"BM_search_fm_index_error_1",1,4.98188e+09,4.84141e+09,ns,,,,,
"BM_search_fm_index_error_1",1,4.13202e+09,4.13189e+09,ns,,,,,
"BM_search_fm_index_error_1",1,3.80941e+09,3.80927e+09,ns,,,,,